{"__type__":"cc.AnimationClip","_name":"barrage-animClip","_duration":9.016666666666667,"speed":0.5,"curveData":{"props":{"x":[{"frame":0,"value":722.406982421875},{"frame":9.016666666666667,"value":-1118.6689453125}]}}}